0,1,2,3,clue
BIG,HOT,IN,POPULAR,OF-THE-MOMENT
CHARACTER,GLYPH,ICON,SYMBOL,PICTOGRAPH
ASSESS,CHARGE,FINE,LEVY,"IMPOSE, AS A PENALTY"
HANDSOME,HIPPO,LEGEND,LIPID,WORDS BEGINNING WITH BODY PARTS
CALCULATOR,CALENDAR,CAMERA,CLOCK,SMARTPHONE FEATURES BEGINNING WITH “C”
CONE,IRIS,LENS,PUPIL,PARTS OF THE EYE
DADA,GRAMMY,MUM,POPPY,FAMILIAL NICKNAMES
EXPOSE,PATE,RESUME,ROSE,WORDS PRONOUNCED DIFFERENTLY WITH ACCENT MARKS
COIN,CREATE,DEVISE,INVENT,BRING INTO BEING
FINE,PRIME,QUALITY,STERLING,EXCELLENT
AT,DOLLAR,PERCENT,POUND,SYMBOLS ABOVE NUMBERS ON A KEYBOARD
BAR,BUCK,TIME,TORCH,PASS THE ___
BATON,SCEPTER,STAFF,WAND,SYMBOLIC RODS
CAVITY,CROWN,FILLING,PLAQUE,DENTAL TERMS
APPROVED,PAID,URGENT,VOID,RUBBER STAMP WORDS
GAP,LEAP,LIGHT,SCHOOL,___ YEAR
FLEECE,HOSE,ROB,STIFF,RIP OFF
CANDLE,CRAYON,HONEYCOMB,SEAL,THINGS MADE OF WAX
CABIN,ENGINE,NOSE,WING,PARTS OF AN AIRPLANE
BULB,EAR,HEAD,STALK,UNITS OF VEGETABLES
DIP,DROP,FALL,SINK,DECLINE
BLAZE,FLY,RACE,TEAR,MOVE WITH SPEED
MODERN,SALSA,SWING,TAP,KINDS OF DANCE
BOOM,CARROT,SHOWER,TALK,BABY ___
CHERRY,FUDGE,NUTS,SPRINKLES,SUNDAE TOPPINGS
DESERT,DITCH,MAROON,STRAND,LEAVE HIGH AND DRY
CURSES,DARN,RATS,SHOOT,“PHOOEY!”
FUZZY,PEPPERS,SEASHELLS,WOODCHUCK,WORDS IN TONGUE TWISTERS
GRANDSTAND,PEACOCK,POSTURE,STRUT,SHOW OFF
MAIN,PARAMOUNT,PRIME,SUPREME,FOREMOST
BLUE,GREEN,WHITE,YELLOW,COLORS IN BRAZIL’S FLAG
CHAIN,COVER,LOVE,SCARLET,___ LETTER
MEAN,MEDIAN,MODE,RANGE,DATA SET DATA
BASE,BOND,ELEMENT,SOLUTION,CHEMISTRY TERMS
AWFUL,PRETTY,RATHER,REAL,ADJECTIVE INTENSIFIERS
GLASS,GROSS,KING,STERN,RADIO HALL OF FAME MEMBERS
CON,DUPE,FOOL,TRICK,DECEIVE
DOPE,SCOOP,SKINNY,WORD,INSIDE INFO
CANT,LEAN,LIST,SLOPE,TILT TO ONE SIDE
BOOB,EGGSHELL,GIGGLE,HELLO,WORDS SPELLED WITH AN UPSIDE-DOWN CALCULATOR
BALLOT,ROSTER,SLATE,TICKET,LIST OF CANDIDATES
BUFFER,CUSHION,PAD,SHIELD,PROTECTIVE BARRIER
CAPSULE,CREAM,SYRUP,TABLET,MEDICINE FORMATS
COAT,GREEN,POD,SOUP,PEA ___
BILL,CHECK,INVOICE,TAB,THINGS TO PAY
PINCH,ROB,STEAL,SWIPE,THIEVE
BUCK,BULL,JACK,TOM,MALE ANIMALS
JEAN,PANT,SHORT,TIGHT,"LEGWEAR, IN THE SINGULAR"
BADGE,INVITE,PASS,TICKET,CREDENTIALS FOR ENTRY
CHAIR,DIRECT,LEAD,RUN,PRESIDE OVER
CENTER,END,SAFETY,TACKLE,AMERICAN FOOTBALL POSITIONS
HOLD,PUNT,STALL,TABLE,POSTPONE
ISSUE,MATTER,POINT,SUBJECT,TOPIC OF DISCUSSION
CHAPTER,PERIOD,PHASE,STAGE,SECTION OF ONE’S LIFE
DASH,SHOCK,TANK,WHEEL,"PARTS OF A CAR, INFORMALLY"
BLEW,CHORAL,READ,ROWS,COLOR HOMOPHONES
GAS,LIQUID,PLASMA,SOLID,STATES OF MATTER
GREAT,HERO,ICON,LEGEND,ALL-TIMER
PHAT,PHEW,PHILLY,PHISH,“PH” WORDS THAT ALSO WORK WITH “F”
ELEVATOR,FEVER,PERFECT,SALES,___ PITCH
CHARM,CURSE,HEX,SPELL,BIT OF MAGIC
FLUE,GRATE,LOG,POKER,FOUND AROUND A FIREPLACE
CARDS,CHIPS,DICE,SLOTS,THINGS SEEN AT A CASINO
CRUMBLE,MELT,SHRED,SLICE,WAYS TO PREPARE CHEESE
BROOM,MOP,RAG,SPONGE,CLEANING SUPPLIES
SALT,FAT,ACID,HEAT,"ELEMENTS OF COOKING, PER SAMIN NOSRAT"
DUST,PEPPER,POLLEN,SMOKE,THINGS THAT MAKE YOU SNEEZE
MAGNUM,MONK,SHAFT,TRACY,TITULAR FICTIONAL DETECTIVES
BASKETBALL,CARROT,GOLDFISH,PUMPKIN,THINGS THAT ARE ORANGE
POLE,ROD,STAFF,STICK,"LONG, SKINNY OBJECTS"
CART,CLUB,HOLE,TEE,SEEN ON A GOLF COURSE
CIRCLE,HORSESHOE,PITCHFORK,TRIANGLE,SHAPES OF CAPITAL GREEK LETTERS
ALPHABET,AMAZON,APPLE,META,TECH COMPANIES
BAR,FINAL,ORAL,PHYSICAL,KINDS OF EXAMS
BEAUTY,GEM,MARVEL,PEACH,SOMETHING EXEMPLARY
BABY,EYE,SWEET,WISDOM,___ TOOTH
FUNK,MUSK,ODOR,TANG,STRONG SMELL
ROCK,SWAY,SWING,WAVE,MOVE BACK AND FORTH
AFRO,BONE,FIGHT,LOCK,THINGS TO PICK
CRYSTAL,DISCO,FOUL,GUTTER,___ BALL
JOSH,KID,RIB,TEASE,PLAYFULLY BOTHER
HEIGHT,MAX,PEAK,TOP,APEX
DOZEN,GROSS,PAIR,SCORE,WORDS FOR SPECIFIC QUANTITIES
ADULT,KISS,TEN,TIMES,WHAT “X” MIGHT MEAN
BOW,BOX,CARD,WRAPPING,GIFT-GIVING ACCESSORIES
BLOCK,MATCH,MESSAGE,SWIPE,DATING APP ACTIONS
FIRE,LIT,SICK,TIGHT,"COOL, IN SLANG"
BREAK,CHARM,DUCK,STRIKE,LUCKY ___
FLOAT,FLY,GLIDE,SOAR,MOVE THROUGH THE AIR
BUG,MIKE,TAP,WIRE,HIDDEN LISTENING DEVICES
CHECK,MARK,TICK,X,"SELECT, AS A BOX ON A FORM"
40,COLE,PAIN,TIP,RAPPERS MINUS FIRST LETTER
BREAD,BACON,LETTUCE,TOMATO,B.L.T. INGREDIENTS
BLOCK,CLOG,JAM,STOP,OBSTRUCT
DOUBLE,HIT,RUN,WALK,BASEBALL STATS
FRY,TALK,WONDER,WORLD,SMALL ___
PLANT,SEED,WATER,WEED,GARDENING NOUNS/VERBS
CAESAR,GREEK,GREEN,WEDGE,KINDS OF SALADS
FEUD,MILLIONAIRE,PYRAMID,WHEEL,"CLASSIC GAME SHOWS, FAMILIARLY"
WAY,WEE,WHY,WHOA,W + VOWEL SOUND
CLUB,GROUP,PARTY,TEAM,ORGANIZATION
CLARITY,DEFINITION,DETAIL,RESOLUTION,"SHARPNESS, AS OF AN IMAGE"
CHAMPAGNE,DIJON,NICE,TOURS,PLACES IN FRANCE
BALL,COUNTDOWN,FIREWORKS,KISS,HAPPY NEW YEAR!
ORCA,PANDA,SKUNK,ZEBRA,BLACK-AND-WHITE ANIMALS
CHAIN,SERIES,STRING,TRAIN,SEQUENCE
BASS,DOVE,DESERT,WIND,HETERONYMS
BEAR,SAND,SPEED,TOURIST,___ TRAP
CROP,POLO,TANK,TEE,SHIRTS
BAD,FLY,FRESH,RAD,"COOL, IN ’80S SLANG"
BEE,EX,GEE,JAY,LETTER SPELLINGS
BOY,BY,CURIOUS,SAINT,___ GEORGE
BUMPER,HOOD,TIRE,TRUNK,PARTS OF A CAR
BOLT,DART,DASH,ZIP,MOVE QUICKLY
CARDINAL,JAY,LARK,SWIFT,BIRDS
HANCOCK,HOLIDAY,MONK,PARKER,JAZZ LEGENDS
MESSAGE,OMEN,SIGN,WARNING,INDICATION OF THINGS TO COME
GEN,MS,PROF,REV,NAME PREFIXES
CHARCOAL,INK,PAINT,PASTEL,ART MEDIUMS
BELL,BLACK,DR,GHOST,___ PEPPER
ALLEY,DRIVE,LANE,STREET,ROAD NAMES
FOLIO,LEAF,PAGE,SHEET,PAPER IN A BOOK
CHECK,CURB,LIMIT,STEM,RESTRAIN
BLOW,HOLD,PICK,THUMB,THINGS YOU CAN DO TO YOUR NOSE
BABY,BOO,DEAR,LOVE,DARLING
LINE,POINT,RAY,SEGMENT,BASIC GEOMETRIC OBJECTS
ENERGY,FIRE,JUICE,ZIP,OOMPH
AGENT,CODE,SANTA,SAUCE,SECRET ___
LIGHT,MELLOW,MILD,SOFT,GENTLE
BELLY,CHOP,HOCK,SHOULDER,CUTS OF PORK
CROWN,ROBE,TABLET,TORCH,STATUE OF LIBERTY FEATURES
CANDLE,DANDELION,DICE,EYELASH,THINGS TO BLOW ON FOR WISHES/LUCK
BOAT,CAR,PLANE,TRAIN,MEANS OF TRANSPORTATION
DOWN,GAME,IN,ON BOARD,WILLING TO PARTICIPATE
DASH,DROP,PINCH,SPLASH,"LITTLE BIT, IN A RECIPE"
BLUE,GOOSE,RASP,STRAW,___BERRY [note no space]
ANGEL,CLOWN,PIRATE,WITCH,CLASSIC HALLOWEEN COSTUMES
COMB,HIVE,HONEY,WAX,BEE CREATIONS
PERIOD,SPELL,STRETCH,WHILE,INTERVAL OF TIME
DEAR,HAIR,HOARSE,WAIL,ANIMAL HOMOPHONES
DRYER,HAMPER,IRON,WASHER,SEEN IN A LAUNDRY ROOM
DIRECT,GUIDE,LEAD,STEER,SHEPHERD
IODINE,IOTA,MYSELF,ONE,WHAT “I” MIGHT MEAN
DEATH,HIDDEN,SILICON,UNCANNY,___ VALLEY
BUZZ,CALL,DIAL,RING,CONTACT VIA PHONE
APPENDIX,CHAPTER,INDEX,PREFACE,BOOK SECTIONS
DINKY,LITTLE,MINUTE,SLIGHT,WEE
ITCHY,JERRY,PINKY,SPEEDY,CARTOON MICE
BELT,BRACELET,TIE,WATCH,ACCESSORIES
BIT,JOKE,ROUTINE,SKETCH,COMEDIAN’S OUTPUT
APPEAL,CHARM,DRAW,PULL,ATTRACTION
CANINE,FREIGHT,OFTEN,STONE,TWO LETTERS + NUMBER
FLASH,JIFFY,SECOND,WINK,BRIEF MOMENT
CHIEF,FIRST,MAIN,PRINCIPAL,PRIMARY
BROADWAY,FIFTH,MADISON,PARK,AVENUES IN N.Y.C.
AMATEUR,ELEVENTH,HAPPY,RUSH,___ HOUR
BANK,SAVE,STASH,STORE,RESERVE FOR LATER
GALL,GUTS,NERVE,STONES,"BOLDNESS, FIGURATIVELY"
CARROT,COAL,SNOW,STICKS,USED TO BUILD A SNOWMAN
BONE,BUSINESS,GIRL,PAGES,FUNNY ___
HOE,PLOW,RAKE,SICKLE,FARM TOOLS
PLOT,PLOY,RUSE,TRICK,SCHEME
AMUSE,DELIGHT,PLEASE,TICKLE,MAKE HAPPY
BANG,PLOP,SPLASH,THUD,ONOMATOPOEIA
CRAB,CRANK,GROUCH,GRUMP,CURMUDGEON
CROUCH,DUCK,SQUAT,STOOP,GET LOW
ANTHEM,FLAG,MOTTO,SEAL,NATIONAL SYMBOLS
CHEAT,CROOK,QUACK,SHARK,SWINDLER
BADGER,BUG,HOUND,NAG,PESTER
ARENA,BOWL,DOME,FIELD,SPORTS VENUES
DIVIDE,FORK,PART,SPLIT,SEPARATE
FOX,LINING,SCREEN,SPOON,SILVER ___
BUNKER,FAIRWAY,GREEN,ROUGH,GOLF COURSE PARTS
ENOUGH,MERCY,STOP,UNCLE,“I GIVE!”
BAWDY,BLUE,COARSE,RISQUE,INDECENT
BOUGH,COUGH,DOUGH,TOUGH,”-OUGH” WORDS THAT DON’T RHYME
CLOUD,FOG,HAZE,MIST,MURKY CONDITION
SHADOW,TAIL,TRACK,TRAIL,FOLLOW
BALL,BUMPER,FLIPPER,PLUNGER,PINBALL MACHINE COMPONENTS
ICE,IRE,FIN,NETHER,___LAND COUNTRIES
CHIFFON,SATIN,SILK,VELVET,LUXURIOUS FABRICS
PERCH,ROOST,SETTLE,LAND,COME DOWN TO REST
EYELET,LACE,SOLE,TONGUE,SHOE PARTS
BABY,BLOW,PACKAGE,SPEECH,THINGS THAT ARE DELIVERED
BANK,BED,DELTA,MOUTH,PARTS OF A RIVER
BREEZE,CINCH,PICNIC,SNAP,SOMETHING EASY TO DO
COIL,SPIRAL,TWIST,WIND,WRAP AROUND IN A CIRCLE
BOUND,LEAP,SPRING,VAULT,JUMP INTO THE AIR
FLOAT,SHAKE,SPLIT,SUNDAE,ICE CREAM TREATS
BOLT,NAIL,RIVET,SCREW,HARDWARE FASTENERS
CORN,OLIVE,PALM,PEANUT,KINDS OF COOKING OIL
FINGERS,NOTE,RICE,WICKET,STICKY ___
EBB,FADE,FLAG,WANE,DECLINE
PURE,SHEER,TOTAL,UTTER,ABSOLUTE
AIR,SPEAK,STATE,VOICE,EXPRESS
BANNER,PRINCE,STARK,WAYNE,SUPERHERO LAST NAMES
HI,LA,MA,OK,STATE ABBREVIATIONS
BET,E,HALLMARK,USA,CABLE CHANNELS
ALFA,BRAVO,ROMEO,TANGO,IN THE NATO ALPHABET
BOO,POM,TOM,YO,___-___
CLEF,NOTE,REST,STAFF,FOUND ON SHEET MUSIC
BULL,CRAB,SCALES,TWINS,ZODIAC SYMBOLS
CAPITOL,COLUMBIA,VIRGIN,ISLAND,RECORD LABELS
CAN,GEM,LIB,TAU,ZODIAC SIGN BEGINNINGS
BIG,GIANT,GREAT,HUGE,ENORMOUS
FICTION,HUMOR,POETRY,TRAVEL,BOOKSTORE SECTIONS
CHEERS,EUPHORIA,FELICITY,GLEE,TV SHOWS WITH HAPPY-SOUNDING NAMES
CONSTRUCTION,FRASIER,PAPER,WHOOPING,___ CRANE
BAGUETTE,BUN,LOAF,ROLL,UNIT OF BREAD
CLINCH,GUARANTEE,LOCK,SECURE,"ASSURE, AS A WIN"
CHIP,MARK,NICK,SCRATCH,SMALL IMPERFECTION
HAIR,LETTUCE,STATE,STEAM,HEAD OF ___
CABLE,ELECTRIC,GAS,WATER,MONTHLY BILLS
ACOUSTIC,AUDITORY,HEARD,SONIC,RELATED TO SOUND/HEARING
COUPLE,HITCH,LINK,TIE,CONNECT
AMP,FIRE,HYPE,PUMP,"EXCITE, WITH “UP”"
BASKET,BIN,CHEST,HAMPER,CONTAINERS
BAND,CIRCLE,HOOP,RING,CIRCULAR SHAPES
CAP,CHECK,CURB,LIMIT,RESTRICT
NBA,PAPER,PEARL,TRAFFIC,___ JAM
MALL,MARKET,OUTLET,STORE,PLACES TO SHOP
SHAVE,THREAD,TWEEZE,WAX,WAYS TO REMOVE HAIR
CUT,PIECE,SHARE,TAKE,PORTION OF PROFIT
ALLEN,CRESCENT,MONKEY,SOCKET,KINDS OF WRENCHES
DODGE,DUCK,ESCAPE,SKIRT,AVOID
BIRDS,NOTORIOUS,REBECCA,ROPE,HITCHCOCK MOVIES
GOOSE,HOBBES,ROBIN,WATSON,SIDEKICKS
COTTAGE,CREAM,SAY,STRING,___ CHEESE
ARCH,BALL,SOLE,TOE,FOOT PARTS
BASS,HARP,HORN,ORGAN,MUSICAL INSTRUMENTS
COME,DOWN,SIT,STAY,DOG COMMANDS
DOG,HEEL,JERK,SNAKE,BADDIE
BEDROOM,DEN,KITCHEN,STUDY,ROOMS IN A HOUSE
ATOLL,BAR,ISLAND,KEY,LAND SURROUNDED BY WATER
CRAM,JAM,PACK,STUFF,FILL TO EXCESS
BAG,COUNTER,DIP,SPROUT,BEAN ___
HUM,SING,SCAT,WHISTLE,CARRY A TUNE
COUNT,GROSS,SUM,TOTAL,WHOLE AMOUNT
LIME,MINT,RUM,SODA,MOJITO INGREDIENTS
GLUE,GUM,TAPE,STICK,THINGS THAT ARE “STICKY”
CITY,COUNTY,TOWN,VILLAGE,MUNICIPALITIES
CHOP,GRIND,PULSE,PUREE,BLENDER BUTTONS
CAPITAL,EQUITY,INTEREST,STOCK,FINANCIAL TERMS
IVY,JUSTICE,LITTLE,PREMIER,___ LEAGUE
HIDDEN,PRIVATE,REMOTE,SECRET,SECLUDED
AMOUNT,NUMBER,QUANTITY,VOLUME,AGGREGATE SIZE
CANAL,CHANNEL,SOUND,STRAIT,BODIES OF WATER
96,MOW,NOON,SIS,READS THE SAME ROTATED 180°
KNOCK,PAN,ROAST,SLAM,CRITICIZE
ALONE,CATFISH,CHOPPED,SURVIVOR,REALITY SHOWS
FIAT,JAGUAR,MINI,RAM,CAR BRANDS
BACHELOR,LILY,MAXI,MOUSE,___ PAD
PASTY,PIE,TART,TURNOVER,FOODS WITH CRUSTS
BOUQUET,PARFAIT,RAGOUT,RAPPORT,ENDING IN A SILENT “T”
JAPAN,POLAND,TUNISIA,TURKEY,COUNTRIES WITH RED AND WHITE FLAGS
BIRD,CURRY,JAMES,JORDAN,N.B.A. GREATS
CANYON,GULCH,PASS,RAVINE,AREAS BETWEEN MOUNTAINS AND HILLS
GORGE,GULP,SCARF,WOLF,EAT VORACIOUSLY
APPLE,BASHFUL,MIRROR,QUEEN,FEATURED IN “SNOW WHITE”
CHEN,CLARK,COWL,CRAVEN,“C” + BIRD
CANINE,FANG,MOLAR,TUSK,TYPES OF TEETH
CHIC,HIP,HOT,IN,FASHIONABLE
FLOSS,ROBOT,VOGUE,WORM,DANCE MOVES
LEECH,STRAW,VACUUM,VAMPIRE,THINGS THAT SUCK
CARDINAL,LAMA,MONK,PASTOR,RELIGIOUS FIGURES
BABOON,BONOBO,GIBBON,GORILLA,PRIMATES
MANGO,MINT,TAMARIND,TOMATO,CHUTNEY VARIETIES
APE,MIME,MIRROR,PARROT,IMITATE
BIRTH,CREATION,DAWN,START,ONSET
AUGUST,GRAND,NOBLE,REGAL,VENERABLE
MARCH,STEP,STRIDE,TREAD,WALK
EARTH,GROUNDHOG,LABOR,MAY,___ DAY HOLIDAYS
GANDER,GLANCE,GLIMPSE,LOOK,QUICK PEEK
ACT,BLUFF,CHARADE,FRONT,DECEIT
CLIFF,CRAG,LEDGE,RIDGE,PARTS OF A MOUNTAIN
PEAK,PEEK,PEKE,PIQUE,HOMOPHONES
DIPS,LUNGES,PLANKS,SQUATS,BODYWEIGHT EXERCISES
BEST,CHEERS,REGARDS,THANKS,EMAIL SIGN-OFFS
CARDS,JAYS,NATS,YANKS,"M.L.B. TEAMS, FOR SHORT"
BANKS,MOSS,TAYLOR,WARREN,ELIZABETHS (AND ONE ELISABETH)
BULL,HOGWASH,NONSENSE,ROT,BALDERDASH
DIRECT,GUIDE,LEAD,STEER,HELM
BUFFALO,DEER,FISH,MOOSE,SINGLE/PLURAL ANIMALS
DANE,LAKE,SEAL,WHITE,GREAT ___
EW,ICK,PU,UGH,“GROSS!”
O,OK,US,W,MAGAZINES
HAI,JA,SI,DA,“YES” IN DIFFERENT LANGUAGES
OUI,WE,WEE,WII,HOMOPHONES
ANGER,FEAR,HAPPINESS,SURPRISE,BASIC EMOTIONS
BEHOLD,PRESTO,TADA,VOILA,BIT OF VOCAL FANFARE
GET,LAND,SECURE,WIN,OBTAIN
ADAM,CARPENTER,FIRE,RED,___ ANT
LETTER,PARAGRAPH,SENTENCE,WORD,UNIT OF LANGUAGE
FEATURE,HALLMARK,STAMP,TRAIT,TRADEMARK
CARD,CLOWN,CUTUP,JOKER,FUNNY PERSON
BOOK,TABLE,TEA,TREE,THINGS WITH LEAVES
FORD,GRANT,LINCOLN,WILSON,PRESIDENTS
COACH,GM,PLAYER,SCOUT,SPORTS PROFESSIONALS
BMW,HONDA,JAGUAR,SUBARU,CAR COMPANIES
AUTO,POST,SEMI,SUB,COMMON PREFIXES
LIGHT,SHORT,SPARE,THIN,SPARSE/LACKING
BALL,BLAST,KICK,RIOT,FUN TIME
BOOM,DOLLY,LENS,TRIPOD,FILMMAKING EQUIPMENT
CLUE,GRIP,LIFE,ROOM,“GET A ___!”
ANISE,DILL,NUTMEG,SAGE,SPICES
BRIGHT,QUICK,SHARP,SMART,INTELLIGENT
AXE,DEGREE,OLD SPICE,SECRET,DEODORANTS
CLUB,MACE,SPEAR,SWORD,MEDIEVAL WEAPONS
DIET,EXERCISE,FRESH AIR,SLEEP,DOCTORS’ ORDERS
COMPOSE,FORWARD,REPLY ALL,SEND,EMAIL ACTIONS
RADIOLAB,SERIAL,UP FIRST,WTF,PODCASTS
BLACK,DIVINE,PROP,SKETCH,___ COMEDY
FLIP-FLOP,SUNSCREEN,TOWEL,UMBRELLA,BROUGHT TO THE BEACH
CURLY,SHOESTRING,WAFFLE,WEDGE,TYPES OF FRENCH FRIES
HEDGE,SEE-SAW,WAVER,YO-YO,EQUIVOCATE
BREEZE,MARY,MULE,RUSSIAN,SECOND WORDS OF VODKA COCKTAILS
CHIME,DING,PING,RING,DIGITAL NOTIFICATION SOUNDS
RAT,SING,SNITCH,SQUEAL,TATTLE
CAMP,DIVISION,FACTION,WING,GROUP WITHIN A GROUP
BING,EDGE,SURFACE,WORD,MICROSOFT PRODUCTS
BOND,CD,OPTION,STOCK,INVESTMENTS
LP,PLATTER,VINYL,WAX,TERMS FOR RECORDS
BOUILLON,DIE,ICE,SUGAR,CUBE-SHAPED
FUNNY,HERRING,SOUP,WISH,WORDS THAT GO WITH “BONE”
EVEN,LEVEL,STABLE,STEADY,UNCHANGING
LANCE,PIN,SKEWER,SPIT,"LONG, SHARP OBJECTS"
BILLBOARD,PITCHFORK,ROLLING STONE,SPIN,MUSIC PUBLICATIONS
UNIFORM,BICYCLE,TRILOGY,QUADRANT,WORDS WITH NUMERICAL PREFIXES
DRILL,PRACTICE,STUDY,TRAIN,WAYS TO PREPARE
HOSE,PIPE,STRAW,TUBE,HOLLOW CYLINDERS
CANDLESTICK,KNIFE,ROPE,WRENCH,WEAPONS IN THE GAME CLUE
CIGARETTE,BIKE,TICKET,SPORTS,“E-” THINGS
HOWEVER,STILL,THOUGH,YET,NEVERTHELESS
HEAR,KNOCK,THERE,TUT,REPEATED WORDS IN EXPRESSIONS
ARE,SEE,WHY,YOU,WORDS ABBREVIATED WITH LETTERS
FAMILY,FLUSH,JELLY,WE,ROYAL ___
BURN,KINDLE,LIGHT,TORCH,IGNITE
DATA,INFO,INTEL,NEWS,INFORMATION
DELL,GLEN,HOLLOW,VALLEY,SMALL WOODED AREA
APPLE,COMPUTER,PLANET,REACTOR,THINGS WITH CORES
FOLLOW,LIKE,SHARE,SUBSCRIBE,SOCIAL MEDIA ACTIONS
DARN,HEM,SEAM,SEW,USE A NEEDLE AND THREAD
ER,HOUSE,RATCHED,SCRUBS,SHOWS SET IN HOSPITALS
ERM,UH,UM,WELL,EXPRESSIONS OF HESITATION
DAISY,ROSE,TULIP,VIOLET,FLOWERS
BARN,CHICKEN,FARMER,TRACTOR,SEEN ON A FARM
ASTER,CARPENTER,CRAVEN,WAN,HORROR DIRECTORS
DUST,LIFE,SPORTS,YELLOW,___ JACKET
BEAK,FEATHER,TALON,WING,BIRD FEATURES
FLASH,HEARTBEAT,SECOND,WINK,BLINK OF AN EYE
BAMBOO,DRAGON,SEASON,WIND,MAHJONG TILES
BELLY,HOT,PANIC,SNOOZE,___ BUTTON
HASH,JUMBLE,MEDLEY,STEW,MISHMASH
CHALLENGE,CONFRONT,FACE,OPPOSE,GO UP AGAINST
BROOD,CLUTCH,HATCH,LITTER,GROUP OF OFFSPRING
BODY,BRIDGE,FRET,NECK,GUITAR PARTS
SIGHT,SMELL,TASTE,TOUCH,SENSES
DRESS,LOOK,MANNER,STYLE,APPEARANCE
DITTO,LIKEWISE,SAME,SECOND,“AGREE!”
BLUE,HARVEST,NEW,SAILOR,___ MOON
BRASS,CHEEK,GALL,NERVE,SHAMELESS BOLDNESS
COPPER,GOLD,NICKEL,SILVER,METAL ELEMENTS
MERCURY,SKY,SPARKS,LIBERTY,W.N.B.A. TEAMS
CARS,ELEPHANTS,SWIMMERS,TREES,THINGS WITH TRUNKS
BUILD,GROW,SWELL,MOUNT,INCREASE
ACES,KEEN,NEATO,NIFTY,"EXCELLENT, IN OLD SLANG"
FOAM,FROTH,HEAD,LATHER,FINE BUBBLES
BUBBLE,GLOBE,MARBLE,PEARL,SPHERICAL THINGS
FUTURE,PAST,PERFECT,PRESENT,GRAMMAR TENSE TERMS
GOODNESS,HEAVENS,LORD,MERCY,“GRACIOUS ME!”
DRUMMER,LADY,RING,SWAN,12 DAYS OF CHRISTMAS
CORN,COUGH,MAPLE,SIMPLE,___ SYRUP
COLONY,HERD,PRIDE,SCHOOL,ANIMAL GROUPS
CRANNY,NICHE,NOOK,RECESS,SMALL OPENING
CLASSIC,DEFINITIVE,MODEL,TEXTBOOK,PARADIGMATIC
BACKPACK,BIGWIG,DOWNTOWN,RAGTAG,RHYMING COMPOUND WORDS
FOCUS,RING,SILENT,VIBRATE,CELL PHONE MODES
DRIVE,INSPIRE,MOTIVATE,SPUR,IMPEL
CONNECTION,FEELINGS,SPARK,VIBE,ROMANTIC BEGINNINGS
CANDY,COPY,KNOCKS,SELTZER,HARD ___
CHILL,HANG,LOAF,LOUNGE,RELAX
BANGER,BOP,GROOVE,JAM,CATCHY SONG
MASH,ROAST,SCONE,TRIFLE,BRITISH CUISINE
BIND,PICKLE,SCRAPE,SPOT,STICKY SITUATION
BOWL,DISH,PLATE,SAUCER,TABLEWARE
BALONEY,BUNK,CROCK,TRIPE,NONSENSE
CUP,HOOK,STRAP,WIRE,BRA PARTS
LASER,RADAR,SCUBA,SPAM,ACRONYMS
DEN,HIVE,LAIR,NEST,ANIMAL HOMES
CLOUD,METAVERSE,NET,WEB,VIRTUAL SPACES
EQUAL,EVEN,FAIR,JUST,EQUITABLE
GOOD,IMPOSSIBLE,NOTHING,WARREN,___ BURGER
FABRICATE,FAKE,FIX,FORGE,FALSIFY
FIDDLESTICKS,FIE,FRICK,FUDGE,MILD OATHS
FARGO,FIREFLY,FLEABAG,FLIPPER,TV SHOWS
FASHION,FOOD,FORWARD,FRIENDS,FAST ___
BORE,DRAG,SNOOZE,YAWN,SOMETHING TIRESOME
BREEZE,DRAFT,GUST,PUFF,BIT OF WIND
BITE,KICK,TANG,ZIP,PIQUANCY
BOXER,GOGGLE,PANT,TONG,SINGULAR OF THINGS SEEN IN PAIRS
BOO,HISS,JEER,RASPBERRY,TAUNTS
BOMB,DUD,FLOP,LEMON,FAILURE
DESERT,GHOST,IGNORE,JILT,RUDELY BREAK OFF CONTACT
BOTTOM,CANDY,GARDEN,STAR,ROCK ___
FRIDAY,SATURDAY,SUNDAY,THURSDAY,DAYS OF THE WEEK
ROT,SOUR,SPOIL,TURN,GO BAD
FESTER,LURCH,THING,WEDNESDAY,“THE ADDAMS FAMILY” CHARACTERS
CAT,CHANCE,LIP,TUESDAY,FAT ___
FILE,HAMMER,LEVEL,SAW,TOOLS
JERK,TUG,WRENCH,YANK,PULL
COPY,FIND,PRINT,SAVE,SHORTCUT COMMANDS
BABE,BEETHOVEN,CHARLOTTE,WILLY,TITLE MOVIE ANIMALS
BOTTOM,BUNS,SEAT,TAIL,BUTT
CORD,CRADLE,DIAL,HANDSET,ROTARY PHONE PARTS
CRIB,DIGS,JOINT,PAD,SLANG FOR HOME
BOOTY,LOOT,SPOILS,SWAG,PLUNDER
FAVA,KIDNEY,LIMA,PINTO,BEANS
LAGOS,LIMERICK,LINCOLN,LUXOR,CITIES BEGINNING WITH “L”
LINE,METER,RHYME,VERSE,POETRY TERMS
CREATOR,DUDE,RAPPER,STALLION,“THE(E) ___” RAPPERS
BLOCK,COVER,HIDE,MASK,CONCEAL
CROWN,DIAL,HAND,STRAP,PARTS OF A WATCH
LASSO,SHIELD,SWORD,TIARA,WONDER WOMAN’S COSTUME
CANDIDATE,FAUCET,MASCARA,NOSE,THINGS THAT CAN RUN
ACTION,CAMERA,CUT,LIGHTS,FILM SET DIRECTIVES
CAN,COULD,MAY,MIGHT,CONDITIONAL WORDS
HEAD,LEAD,PRIME,TOP,FOREMOST
BUTCHER,SCRAP,TOILET,WAX,___ PAPER
GENESIS,GERM,SEED,SOURCE,ORIGIN
ACTS,JOB,KINGS,MARK,BIBLE BOOKS
FLAMES,KRAKEN,STARS,WILD,N.H.L. TEAMS
NAP,PLANT,RANGER,TRIP,POWER ___
CORN,CUCUMBER,PEPPER,TOMATO,CROPS
CROWN,DOME,MELON,NOODLE,SLANG FOR HEAD
CUT,NUMBER,SINGLE,TRACK,SONG
BIRD,KETTLE,REFEREE,TRAIN,THINGS THAT WHISTLE
ANNIVERSARY,BIRTHDAY,SHOWER,WEDDING,CELEBRATORY OCCASIONS
BARS,RECEPTION,SERVICE,SIGNAL,PHONE CONNECTIVITY
BATH,DERBY,READING,SANDWICH,CITIES AND TOWNS IN ENGLAND
COMIC,MET,ROCK,SOAP,___ OPERA
DARREN,KAREN,SHARON,AARON,RHYMES
DALE,BROOK,SAVANNA,CLIFF,NATURAL FEATURES
DREW,ROSE,WILL,MAY,IRREGULAR VERBS
EVE,HANNAH,OTTO,NATAN,PALINDROMES
DEAD,HAHA,LOL,ROFL,"LAUGHTER, IN A TEXT"
DADA,DECO,GOTHIC,POP,ART MOVEMENTS
HOOK,NANA,PETER,WENDY,“PETER PAN” CHARACTERS
BIRD,GAGA,LUCK,MACBETH,LADY ___
ARM,BRANCH,CHAPTER,WING,DIVISION
BUSHEL,PECK,STONE,TON,IMPERIAL UNITS
ANGEL,CUB,MET,RED,M.L.B. TEAM MEMBER
AUNT,BEATLE,FLEE,NAT,INSECT HOMOPHONES
MISTLETOE,REINDEER,SNOWMAN,STOCKING,CHRISTMAS-RELATED
DISPLAY,EXHIBIT,PRESENT,SHOW,MAKE PUBLIC
BAGEL,CHEERIO,DONUT,LIFESAVER,TORUS-SHAPED FOOD
CANDY CANE,CROSSWALK,REFEREE,TIGER,THINGS WITH STRIPES
AFGHAN,ALPACA,ANGORA,YAK,LONG-HAIRED ANIMALS
BLATHER,CHAT,JABBER,GAB,PRATTLE ON
CONVERSE,JORDAN,PUMA,VANS,SNEAKER BRANDS
LEAD,SPEECH,TRIAL,WATER,___ BALLOON
BOW,KNEEL,SALUTE,STAND,WAYS TO SHOW RESPECT
CLOCK,MAIL,MAPS,NOTES,IPHONE APPS
DOWN,FUR,SCALES,SHELL,ANIMAL COVERINGS
ARROW,DOG,FINGER,HINT,“POINTERS”
CUP,LID,STIRRER,STRAW,COFFEE COUNTER ITEMS
BAT,MOTH,OWL,WOLF,NOCTURNAL ANIMALS
BEET,BRICK,CARDINAL,POPPY,THINGS THAT ARE RED
ACTION,BALLPARK,GO,STICK,___ FIGURE
CLUB,DIAMOND,HEART,SPADE,PLAYING CARD SUITS
IRON,PUTTER,WEDGE,WOOD,GOLF CLUBS
ACHE,LONG,PINE,THIRST,YEARN
LOW,SHORT,SHY,WANTING,INSUFFICIENT
CENTRAL,CRITICAL,KEY,VITAL,VERY IMPORTANT
GLASS,METAL,PAPER,PLASTIC,RECYCLNG CATEGORIES
HENRY,JENNIFER,KATE,ROCK,HUDSONS
ASSIGNMENT,DEFEAT,TEMPO,TIRED,WHAT “BEAT” MAY MEAN
FLASH,GLEAM,GLITTER,SPARKLE,REFLECT LIGHT
FISH,FORAGE,HUNT,TRAP,WAYS TO GATHER FOOD
BOUNCE,CRUNK,DRILL,GRIME,RAP SUBGENRES
BEER,BULB,RAIL,YEAR,LIGHT ___
ACORN,CONE,POLLEN,SAP,PRODUCED BY TREES
CHOCOLATE,GUM,LICORICE,LOLLIPOP,CANDY STORE TREATS
CHUMP,FOOL,MARK,SUCKER,TARGET OF A SCHEME
FACE,HURRICANE,NEEDLE,POTATO,THINGS WITH EYE(S)
BOA,MAMBA,PYTHON,VIPER,SNAKES
GARTER,SLIP,TEDDY,THONG,LINGERIE
ABSTRACT,BRIEF,DIGEST,RUNDOWN,SUMMARY
CIRCLE,HOUSE,MONTY,MOON,FULL ___
BOUQUET,RING,TRAIN,VEIL,BRIDAL ACCESSORIES
CAKE,COAT,COVER,CRUST,“C” WORDS FOR “ENVELOP”
BLACK,FROST,MA,SPARROW,JACKS
BOOK,GRAM,IN,TUBE,SOCIAL MEDIA APP ENDINGS
GRATER,LADLE,PEELER,WHISK,KITCHEN UTENSILS
BIRD,FISH,MAMMAL,REPTILE,VERTEBRATES
DINOSAUR,MUSHROOM,PLUMBER,PRINCESS,SUPER MARIO-RELATED
BUNKER,CLEAVER,PARTRIDGE,TANNER,SITCOM FAMILIES
FIT,HEALTHY,SOUND,STRONG,ROBUST
DIP,DROP,FALL,SINK,DECLINE
FOUNTAIN,SPRING,TAP,WELL,WATER SOURCES
KEYS,NICKS,SUMMER,SWIFT,WOMEN SINGERS
FLOAT,MALT,SHAKE,SUNDAE,SODA FOUNTAIN ORDERS
CONCRETE,FIRM,SOLID,TANGIBLE,"SET, AS PLANS"
GLASS,OLD,SIGNS,SPLIT,M. NIGHT SHYAMALAN MOVIES
DASH,HOVER,KEY,STAR,___BOARD
BARTENDER,CHEF,HOST,SERVER,RESTAURANT WORKERS
BUS,CAR,MOTORCYCLE,TRUCK,MOTOR VEHICLES
ANIMAL,BEAKER,GONZO,SCOOTER,MUPPETS
DIGIT,DOG,MITT,PIGGY,HAND- AND FOOT-RELATED SLANG
BACKUP,COPY,EXTRA,SPARE,REPLACEMENT
ALLEY,BALL,LANE,PIN,BOWLING
MUG,PEN,TEE,TOTE,COMMON MERCH ITEMS
ATE,FOR,TOO,WON,NUMBER HOMOPHONES
BOOKMARK,HISTORY,TAB,WINDOW,WEB BROWSER-RELATED
BUTTON,COLLAR,CUFF,POCKET,SHIRT FEATURES
BOND,LINK,RELATION,TIE,CONNECTION
DOZEN,JOKE,LAUNDRY,MARTINI,DIRTY ___
BRIGHT,CLEVER,QUICK,SHARP,INTELLIGENT
ALASKA,FRONTIER,SOUTHWEST,SPIRIT,AIRLINES
COWBOY,DRIFTER,OUTLAW,SHERIFF,WESTERN TROPES
LASSO,MARS,ROGERS,SMART,TV SHOW TITLE SURNAMES
APRICOT,FIG,GRAPE,LIME,FRUITS
DELUXE,GRAND,LAVISH,OPULENT,LUXURIOUS
BERRY,FOSTER,STONE,SWANK,BEST ACTRESS OSCAR WINNERS
ENVIOUS,FRESH,NAIVE,UNWELL,WHAT “GREEN” MIGHT MEAN
GIANT,PRINCESS,WITCH,WOLF,FAIRY TALE FIGURES
BISHOP,MATE,GAMBIT,QUEEN,CHESS TERMS
CHARLIE,PEPPERMINT PATTY,PIGPEN,WOODSTOCK,“PEANUTS” CHARACTERS
LUCY,NEW YORK,ROCK 'N ROLL,YOU,I LOVE ___
BUFFALO,COW,GOAT,SHEEP,BOVIDS
BEAM,GLOW,RADIATE,SHINE,EMIT LIGHT
FLOOR,HORSE,RINGS,VAULT,GYMNASTICS APPARATUS
CUTIE,ENVY,EXCEL,SEEDY,WORDS THAT SOUND LIKE TWO LETTERS
IRIS,LENS,PUPIL,RETINA,EYE PARTS
BOGUS,FAKE,PHONY,SHAM,COUNTERFEIT
COPY,OUT,OVER,ROGER,RADIO LINGO
ALEJANDRO,LOLA,MICHELLE,STAN,SONGS THAT ARE NAMES
GET OUT,GO,LEAVE,SCRAM,“SKEDADDLE!”
ME,THEM,US,YOU,PRONOUNS
NOPE,OPEN,PEON,PONE,ANAGRAMS
BEANIE,FUR,NEPO,SANTA,___ BABY
CHAI,COCOA,COFFEE,TEA,HOT DRINKS
BUZZ,CLUCK,MEOW,OINK,ANIMAL SOUNDS
BARK,BRANCH,ROOT,TRUNK,TREE FEATURES
DIRT,DISH,SCOOP,SKINNY,INSIDE INFO
BAT,COBWEB,PUMPKIN,TOMBSTONE,HALLOWEEN DECORATIONS
24,BONES,FIREFLY,WEEDS,TV SHOWS
7,BAR,BELL,CHERRY,SLOT MACHINE SYMBOLS
22,451,2001,20,NUMBERS IN BOOK TITLES
ANACONDA,CAPYBARA,JAGUAR,TOUCAN,AMAZON ANIMALS
BASE,BOTTOM,FOOT,FOUNDATION,LOWEST POINT
COMPANY,GREASE,HAIR,RENT,MUSICALS
CHANGE,CUCUMBER,LEGS,LION,SEA ___
BALL,OUT,SAFE,STRIKE,BASEBALL CALLS
FORGE,FURNACE,KILN,OVEN,HEAT SOURCES
CARP,CATFISH,FLOUNDER,SMELT,FISH THAT ARE VERBS
COLONEL,SALMON,WALK,YOLK,SILENT “L”
ESSENCE,HEART,SPIRIT,SOUL,INHERENT NATURE
CIDER,PORT,SAKE,STOUT,FERMENETED ALCOHOLIC BEVERAGES
BRAVE,CARS,COCO,UP,PIXAR MOVIES
DEMO,RED,SCOTCH,TICKER,___ TAPE
HORROR,PICTURE,ROCKY,SHOW,ROCKY HORROR PICTURE SHOW
FRAMED,RABBIT,ROGER,WHO,WHO FRAMED ROGER RABBIT
HARRY,MET,SALLY,WHEN,WHEN HARRY MET SALLY
FURY,MAD,MAX,ROAD,MAD MAX FURY ROAD
GNOME,GOBLIN,OGRE,TROLL,CREATURES IN FOLKLORE
BUD,LEAF,PETAL,STALK,FLOWER PARTS
AGENT,MOLE,PLANT,SPY,ONE INVOLVED IN ESPIONAGE
DRAGON,HORSE,RABBIT,TIGER,CHINESE ZODIAC ANIMALS
CHART,DIAGRAM,GRAPH,MAP,INFORMATION DISPLAYS
BONUS,EXTRA,ICING,PERK,ADDITIONAL BENEFIT
GRAVY,PIE,STUFFING,TURKEY,THANKSGIVING FOOD
I RAN,ISTANBUL,MONTERO,SATISFACTION,SONG TITLES WITH PARENTHESES
BRUSH,CANVAS,EASEL,PALETTE,PAINTING ACCESSORIES
DRIVE,NEUTRAL,PARK,REVERSE,AUTOMATIC TRANSMISSION SETTINGS
COMB,GEAR,SAW,ZIPPER,THINGS WITH TEETH
FIRST,FOLDING,HIGH,LAWN,___ CHAIR
COW,DOE,HEN,MARE,FEMALE ANIMALS
I,IT,THEY,WE,PRONOUNS
D,L,M,V,ROMAN NUMERALS
EWE,U,YEW,YOU,HOMOPHONES
BARE,NAKED,NUDE,UNCLAD,AU NATUREL
BUN,DANISH,MUFFIN,TURNOVER,BAKED GOODS
FUMBLE,PUNT,SACK,SNAP,AMERICAN FOOTBALL ACTIONS
BUFF,CLIP,FILE,POLISH,MANICURE STEPS
GOBLET,SNIFTER,TUMBLER,STEIN,DRINK VESSELS
CLARINET,FLUTE,OBOE,SAXOPHONE,WOODWINDS
BISHOP,FROST,OLDS,POUND,AMERICAN POETS
BALLOON,BASSOON,COFFEE,FRICASSEE,CONSECUTIVE DOUBLE LETTERS
FRY,NACHO,POPPER,WING,APPETIZER UNIT
BINGO,CORRECT,RIGHT,YES,RESPONSE TO A CORRECT ANSWER
CHIP,DING,NICK,SCRATCH,MAR
APPLE,CRACKER,FLAP,LUMBER,___JACK
SANDBOX,SEESAW,SLIDE,SWING,PLAYGROUND FIXTURES
CLOUT,PULL,SWAY,WEIGHT,INFLUENCE
ANKH,CROOK,EYE,SCARAB,EGYPTIAN SYMBOLS
COURIER,IMPACT,PAPYRUS,TIMES,FONTS
BOOK,BOUNCE,RUN,SPLIT,DEPART QUICKLY
FOX,IBEX,LYNX,ORYX,ANIMALS THAT END WITH “X”
EBONY,JET,ONYX,RAVEN,SHADES OF BLACK
ASH,BLACK,CYBER,FAT,WORDS BEFORE DAYS OF THE WEEK
BLISS,CLOUD NINE,HEAVEN,PARADISE,STATES OF ELATION
CON,FAST ONE,HUSTLE,RACKET,SCAM
HIGH FIVE,HUG,SHAKE,WAVE,GREETING GESTURES
BUCKET,GUEST,TOP TEN,WISH,___ LIST
BREAST,DRUMSTICK,TENDER,WING,PIECES OF CHICKEN
DRIVER,EAGLE,HOLE,STROKE,GOLF TERMS
CYMBAL,KICK,SNARE,TOM,DRUM SET COMPONENTS
INFANT,PUB,SWIMMING,TICKER,ASSOCIATED WITH “CRAWL”
RISK,SORRY,TABOO,TROUBLE,BOARD GAMES
BUSINESS,NATIONAL,OPINION,STYLE,NEWSPAPER SECTIONS
ATLAS,HERMES,NIKE,PARIS,FIGURES IN GREEK MYTH
FOXY,GUCCI,KILLER,NOTORIOUS,FIRST WORDS IN RAPPERS' NAMES
BASH,BLOWOUT,PARTY,SHINDIG,SOCIAL GATHERING
COUNTER,MIXER,RANGE,SINK,FOUND IN A KITCHEN
CRICKET,PUPPET,WHALE,WOODCARVER,“PINOCCHIO” FIGURES
BUNNY,EGG,ISLAND,SUNDAY,EASTER ___
DODO,MAMMOTH,MASTODON,TRILOBITE,EXTINCT ANIMALS
BUSTS,FLOPS,MISSES,TURKEYS,FAILURES
DUDS,GETUP,OUTFIT,THREADS,SLANG FOR CLOTHES
PECK,SMACK,SMOOCH,X,KISS
BEARD,GOATEE,MUSTACHE,STUBBLE,FACIAL HAIR
GEAR,HANDLEBAR,PEDAL,WHEEL,BIKE PARTS
DOG,FOLLOW,TAIL,TRACK,PURSUE
DOUBT,MOVIE,SHADOW,VOTE,THINGS THAT ARE CAST
ACTOR,DANCER,SINGER,STAND-UP,PERFORMING ARTISTS
COMET,CUPID,DASHER,VIXEN,SANTA'S REINDEER
CARD,CHOCOLATE,HEART,ROSE,SEEN ON VALENTINE'S DAY
BOYS,LIEUTENANT,SANTA,TASTE,"BAD ___ MOVIES"""
ARIZONA,COLORADO,NEVADA,UTAH,U.S. MOUNTAIN STATES
CRUSH,MUG,SPRITE,SQUIRT,SODA BRANDS
GENESIS,KANSAS,RUSH,YES,CLASSIC ROCK BANDS
HAWK,MONTANA,SOPRANO,STARK,TONY ___
COOLER,LANTERN,SLEEPING BAG,TENT,CAMPING SUPPLIES
BARB,DIG,DISS,JAB,INSULT
MINUTE,SLIGHT,SMALL,WEE,TINY
CAMPER,HOUR,MEAL,MEDIUM,HAPPY ___
BUD,CHUM,MATE,PAL,FRIEND
CROCK,POT,SKILLET,WOK,COOKWEAR
CLOG,PUMP,SLIDE,WEDGE,SHOES
GRASS,HERB,MARY JANE,WEED,SLANG FOR CANNABIS
CUP,GALLON,PINT,QUART,UNITS OF VOLUME
AWFUL,QUITE,SUPER,VERY,EXTREMELY
RAND,REAL,STERLING,WON,WORLD CURRENCIES
CARROT,COFFEE,POUND,SPONGE,___ CAKE
CAKE,COBBLER,PIE,TART,DESSERTS
FISHER,MASON,MILLER,SMITH,OCCUPATIONAL SURNAMES
DISTORT,DOCTOR,FUDGE,TWIST,ALTER DECEPTIVELY
DANCE,MEAL,ONE,ROOT,SQUARE ___
CENTURY,DECADE,MILLENNIUM,YEAR,TIME PERIODS
CEREAL,OMELET,PANCAKE,WAFFLE,BREAKFAST FOODS
BACON,CLOSE,MUNCH,WHISTLER,PAINTERS
EGG,JUROR,MONTH,ROSE,ONE IN A DOZEN
GAS,LIQUID,PLASMA,SOLID,STATES OF MATTER
JUICE,SPIRIT,STEAM,VIGOR,ENERGY
AIR,EARTH,FIRE,WATER,CLASSICAL ELEMENTS
CIRCUS,SATURN,TREE,WEDDING,THINGS WITH RINGS
FIDO,LUCKY,ROVER,SPOT,CLASSIC DOG NAMES
CATCH,NOTICE,OBSERVE,SEE,PERCEIVE
BAIT,CHUM,FLY,SINKER,FISHING TERMS
BONE,REX,SHIRT,STORM,T-___
BUCKLE,BUTTON,SNAP,ZIP,FASTENING VERBS
JACK,NADA,NOTHING,SQUAT,SLANG FOR ZERO
CURL,LUNGE,PLANK,PRESS,GYM EXERCISES
CRUNCH,KANGAROO,OBVIOUS,PLANET,CAPTAINS
CO,MA,ME,PA,STATE ABBREVIATIONS
DO,FA,LA,TI,MUSICAL NOTES
MU,NU,PI,XI,GREEK LETTERS
FE,HE,NA,NI,PERIODIC TABLE SYMBOLS
EINSTEIN,FEYNMAN,HAWKING,OPPENHEIMER,THEORETICAL PHYSICISTS
FACULTY,FLAIR,GENIUS,GIFT,TALENT
BARBIE,BUSH,CRIKEY,MATE,AUSTRALIAN TERMS
MATCH,MOOT,SELLING,WEST,___ POINT
PURGE,RING,SAW,SCREAM,HORROR FRANCHISES
COURT,DIAMOND,FIELD,RINK,SPORTS VENUES
CHARM,DELIGHT,PLEASE,TICKLE,MAKE HAPPY
ANKLET,BANGLE,BROOCH,PENDANT,JEWELRY
FEW,HANDFUL,SEVERAL,SOME,UNSPECIFIED QUANTITIES
ASTEROID,COMET,MOON,PLANET,CELESTIAL OBJECTS
GLOBE,JOURNAL,POST,SUN,NEWSPAPERS
LYME,MELLON,PAIR,PLUMB,FRUIT HOMOPHONES
MITE,SCORPION,SPIDER,TICK,ARACHNIDS
CHAR,EEL,PERCH,SHARK,FISH
BLACK WIDOW,BLADE,FLASH,STORM,SUPERHEROES
CATFISH,CRIBS,JACKASS,STATE,MTV SHOWS
HORROR,MUSICAL,ROMANCE,WESTERN,MOVIE GENRES
HOUNDSTOOTH,PAISLEY,PLAID,STRIPES,PATTERNS
FIB,FICTION,LIE,TALE,SYNONYMS FOR FALSEHOOD
DOT,GOOBER,KISS,WHOPPER,CANDY PIECES
ASTEROIDS,BREAKOUT,FROGGER,PONG,CLASSIC ARCADE GAMES
HUSTLE,SALSA,SWING,TANGO,DANCES
PINCH,SPREAD,SWIPE,TAP,TOUCHSCREEN GESTURES
CENT,CHAINZ,PAC,SAVAGE,RAPPERS MINUS NUMBERS
BLOCKS,DOLL,TOP,YO-YO,CLASSIC TOYS
BAGGAGE,EGGNOG,GIGGLE,LEGGINGS,WORDS WITH THREE G'S
DUNCAN,JULIET,PUCK,VIOLA,SHAKESPEARE CHARACTERS
FISH,HOCKEY,MEMORY,SELFIE,___ STICK
ALTAR,RELIQUARY,SHRINE,TEMPLE,PLACES FOR WORSHIP
FELIX,GARFIELD,SYLVESTER,TOM,CARTOON CATS
CALVIN,CHESTER,GROVER,HARRY,PRESIDENTIAL FIRST NAMES
ABBEY,HIGH,ROCKY,SILK,___ ROAD
COLONY,HERD,PRIDE,SWARM,ANIMAL GROUP NAMES
BAKED,BLAZED,HIGH,LIT,STONED
BIO,CHEM,GOV,STATS,AP CLASSES
CLASS,DOMAIN,FAMILY,ORDER,TAXONOMY RANKS
KEYBOARD,MONITOR,MOUSE,SPEAKER,COMPUTER EQUIPMENT
GERBIL,HAMSTER,RAT,VOLE,RODENTS
HARP,HORN,ORGAN,TRIANGLE,MUSICAL INSTRUMENTS
CARP,GRIPE,GROUSE,MOAN,SYNONYMS FOR COMPLAIN
HERO,HOAGIE,GRINDER,SUB,LONG SANDWICHES
BUMBLE,HINGE,MATCH,TINDER,DATING APPS
BLADE,LOST BOYS,NEAR DARK,TWILIGHT,VAMPIRE MOVIES
ANT,DRIVER,SCOTT,WEST,ADAMS
FOOT,INCH,MILE,YARD,UNITS OF LENGTH
ACRYLIC,OIL,TEMPERA,WATERCOLOR,TYPES OF PAINT
FALAFEL,KATSU,SAMOSA,SCHNITZEL,DEEP-FRIED FOOD
DIM,NICK,PEN,QUART,STARTS OF U.S. COINS
AUNT,COUSIN,MOTHER,NEPHEW,RELATIVES
DAFFY,KOOKY,QUIRKY,WACKY,SYNONYMS FOR OFFBEAT
DAISY,DEWEY,DONALD,SCROOGE,DISNEY DUCKS
ALARM,BIOLOGICAL,CUCKOO,GRANDFATHER,___ CLOCK
CORDUROY,DENIM,LINEN,TWEED,FABRICS
GHOST,PHANTOM,SPECTER,SPIRIT,APPARITIONS
NEEDLE,POKE,RIB,TEASE,SYNONYMS FOR BOTHER
BEAST,GENIE,SCAR,STITCH,DISNEY CHARACTERS
DESERT,FOREST,GRASSLAND,TUNDRA,BIOMES
CHAMELEON,GECKO,IGUANA,MONITOR,LIZARDS
COBRA,LOTUS,TREE,WARRIOR,YOGA POSES
CAN,CHA,GO,NAE,DANCES WHEN DOUBLED
CHICAGO,MUNICH,PHILADELPHIA,RIO,MOVIE TITLE CITIES
ALLURE,ELLE,GLAMOUR,W,FASHION MAGAZINES
BLIZZARD,CYCLONE,SQUALL,TORNADO,STORMS
COSMOPOLITAN,HURRICANE,MANHATTAN,SCREWDRIVER,COCKTAILS
BOAT,CAR,PLANE,TRAIN,MODES OF TRANSPORTATION
KING,MAGIC,SUN,THUNDER,NBA PLAYERS
CHECKERS,OUTBACK,SONIC,SUBWAY,FAST FOOD CHAINS
DAY,FLOYD,SABBATH,STRIPES,BAND NAMES MINUS COLORS
GAS,LIQUID,PLASMA,SOLID,STATES OF MATTER
COPY,CUT,PASTE,UNDO,EDIT MENU COMMANDS
CRUSH,ROUT,SHELLAC,TRASH,DEFEAT BADLY
LEAST,SLATE,STALE,TESLA,ANAGRAMS
FURIOUS,INCENSED,IRATE,LIVID,SYNONYMS FOR ANGRY
BANANA,CANARY,SCHOOL BUS,SUNFLOWER,THINGS THAT ARE YELLOW
BOOBY,GULL,PELICAN,PUFFIN,MARINE BIRDS
BEACH,BEASTIE,HARDY,LOST,___ BOYS
FINS,MASK,SNORKEL,TANK,SCUBA GEAR
COLON,COMMA,HYPHEN,PERIOD,PUNCTUATION MARKS
BOLT,DASH,RACE,SPRINT,RUN QUICKLY
DOJA,FAT,HOUSE,JUNGLE,___ CAT
DASANI,EVIAN,FIJI,VOSS,BOTTLED WATER BRANDS
BREW,JAVA,JOE,MUD,SLANG FOR COFFEE
CUBA,JAPAN,MALTA,PALAU,ISLAND COUNTRIES
LUCKY,POP,SAM,TONY,CEREAL MASCOTS
BASSOON,CLARINET,FLUTE,OBOE,WOODWINDS
CAP,COVER,LID,TOP,COVERINGS
AVIATOR,CAT EYE,WAYFARER,WRAPAROUND,SUNGLASSES
HARBOR,HARP,HOODED,MONK,SEALS
CLOCK,HOURGLASS,SUNDIAL,WATCH,TIMEKEEPING DEVICES
BOB,CROP,PIXIE,SHAG,HAIRSTYLES
HERTZ,MOLE,NEWTON,SECOND,UNITS OF MEASURE
EVIL,J,NO,PEPPER,DR. ___
ASH,CEDAR,MAPLE,PINE,TREES
HILL,MOUNTAIN,PLATEAU,VALLEY,LAND FORMATIONS
EVERYTHING,ONION,PLAIN,POPPY,BAGEL FLAVORS
ELM,FEAR,JUMP,SESAME,STREETS ON SCREEN
DOLPHIN,MANATEE,OTTER,SEAL,MARINE MAMMALS
BRAKE,CHAIN,SADDLE,SPOKE,BIKE PARTS
HAWK,MOVE,PEDDLE,VEND,SYNONYMS FOR SELL
CHIN,CUB,MALT,TONG,"COUNTRIES WHEN ""A"" IS ADDED"
KANGAROO,KOALA,WALLABY,WOMBAT,MARSUPIALS
CHUNKY,CRUNCH,MARS,MOUNDS,CHOCOLATE BARS
CHEDDAR,DOUGH,PAPER,STACKS,SLANG FOR MONEY
EYE,GUN,MOLE RAT,TRUTH,NAKED ___
DIME,NICKEL,PENNY,QUARTER,U.S. COINS
IRON,LEAD,TIN,ZINC,METAL ELEMENTS
CLOVER,HORSESHOE,MOON,RAINBOW,LUCKY CHARMS MARSHMALLOWS
AGAIN,HALF,NECK,SO,___ AND ___
AROMA,BOUQUET,FRAGRANCE,SCENT,PLEASANT SMELLS
BLUES,COUNTRY,FUNK,SOUL,MUSIC GENRES
PAPER,ROCK,SCISSORS,SHOOT,ROCK PAPER SCISSORS
BOAR,BUCK,BULL,JACK,MALE ANIMALS
FERRY,JUNK,TUG,YACHT,BOATS
CLUB,CUBAN,MELT,SUB,SANDWICHES
FLANK,LOIN,ROUND,SHANK,CUTS OF BEEF
CHUCK,JOSH,ROB,SUE,NICKNAMES THAT ARE VERBS
HEEL,LACE,SOLE,TONGUE,SHOE PARTS
CLUE,RISK,SORRY,TROUBLE,BOARD GAMES
BOND,HUNT,RYAN,SMART,FICTIONAL SPIES
BAND,CEMENT,DUCKIE,SOUL,RUBBER ___
CUCUMBER,EGGPLANT,PEPPER,TOMATO,VEGETABLES THAT ARE ALSO FRUITS
CONE,CUBE,PYRAMID,SPHERE,3-D SHAPES
MAC,PAD,PHONE,POD,"WORDS WITH ""i"""
JOB,LIMA,MOBILE,POLISH,WORDS WITH TWO PRONUNCIATIONS
BRONCO,COWBOY,PACKER,RAVEN,NFL PLAYERS
BOWTIE,ELBOW,SHELL,SPIRAL,PASTA SHAPES
HIP,KNEE,SHOULDER,WRIST,JOINTS
AIRPLANE,MOTHER,OKLAHOMA,THEM,"MOVIES WITH ""!"""
FLY,GNAT,MOTH,WASP,WINGED INSECTS
ADD,DIVIDE,MULTIPLY,SUBTRACT,ARITHMETIC OPERATIONS
TANG,TETRA,SKATE,SOLE,FISH
ALLEY,COOL,COPY,LAP,___ CAT
BASHFUL,DOC,GRUMPY,HAPPY,SEVEN DWARFS
GIF,PDF,TIFF,ZIP,FILE EXTENSIONS
EMU,KIWI,OSTRICH,PENGUIN,FLIGHTLESS BIRDS
BANANA,COCONUT,MANGO,PINEAPPLE,TROPICAL FRUITS
BERET,BOWLER,FEDORA,FEZ,HATS
HEART,KIDNEY,LIVER,LUNG,ORGANS
COVER,JACKET,PAGE,SPINE,PARTS OF A BOOK
ASS,KNIFE,POT,RABBIT,JACK ___
DENMARK,GREECE,POLAND,PORTUGAL,EUROPEAN COUNTRIES
COPY,ECHO,MIMIC,PARROT,SYNONYMS FOR IMITATE
CRUISE,HOLLAND,PETTY,WAITS,TOMS
DILL,LIVID,MILD,MIX,WORDS SPELLED WITH ROMAN NUMERALS
CHEESECAKE,FLAN,MOUSSE,TIRAMISU,DESSERTS
DARN,FUDGE,HECK,SHOOT,MILD OATHS
ELEPHANT,HIPPO,NARWHAL,WARTHOG,ANIMALS WITH TUSKS
HANDLEBAR,HORSESHOE,PENCIL,WALRUS,MUSTACHES
BOUNTY,CRUNCH,HEATH,MILKY WAY,CANDY BARS
DREAMCAST,GENESIS,SWITCH,WII,VIDEO GAME CONSOLES
ANVIL,COCHLEA,HAMMER,STIRRUP,EAR PARTS
BLINK,MAROON,SUM,U,BAND NAMES MINUS NUMBERS
BEACH BOY,BEATLE,BYRD,MONKEE,60's BAND MEMBERS
DOUGIE,MACARENA,MASHED POTATO,TWIST,DANCE FADS
FORTUNE,ROLLING STONE,VOGUE,WIRED,MAGAZINES
CHAIN,GOLF COURSE,SAUSAGE,WEBSITE,THINGS WITH LINKS
BOXER,DALMATIAN,HUSKY,POODLE,DOG BREEDS
BEAK,MUZZLE,SNOUT,TRUNK,ANIMAL NOSES
DETOUR,SLOW,STOP,YIELD,TRAFFIC SIGNS
ASLEEP,BARRIER,BITE,WAVE,SOUND ___
JAZZ,POP,PUNK,RAP,MUSIC GENRES
CHROME,EDGE,OPERA,SAFARI,WEB BROWSERS
AMY,BETH,JO,MEG,LITTLE WOMEN SISTERS
BABY,JON,KIM,WAYNE,LIL ___ RAPPERS
BARLEY,OAT,RYE,SPELT,GRAINS
BARON,EARL,KING,PRINCE,ROYAL TITLES
BROWN,DUKE,HOWARD,RICE,UNIVERSITIES
BONG,FORD,LEE,STONE,BEST DIRECTOR OSCAR WINNERS
CREAM,EGGSHELL,IVORY,VANILLA,OFF-WHITE SHADES
CRUCIFIX,GARLIC,MIRROR,STAKE,ANTI-VAMPIRE
BEEF,PORK,POULTRY,VENISON,KINDS OF MEAT
ROW,QUARREL,SPAT,TIFF,SYNONYMS FOR ARGUMENT
LAT,PEC,QUAD,TRI,"MUSCLES, INFORMALLY"
CUP,MEDAL,RIBBON,TROPHY,AWARDS
GREY,HOUSE,HOWSER,QUINN,TITLE TV DOCTORS
BEAR,BILL,BROWN,COMMANDER,NFL PLAYERS
ASCOT,BOLO,SCARF,TIE,NECKWEAR
BOW,PORT,STARBOARD,STERN,SHIP DIRECTIONS
ALL,ERA,GAIN,TIDE,DETERGENTS
ACUTE,BERMUDA,LOVE,RIGHT,___ TRIANGLE
AMERICANO,CAPPUCCINO,ESPRESSO,LATTE,COFFEE DRINKS
ALMOND,CASHEW,PECAN,WALNUT,TREE NUTS
EMERALD,FOREST,KELLY,OLIVE,SHADES OF GREEN
BEAN,CLEAN,FOX,PEANUT,MR. ___
CAW,CHIRP,CLUCK,TWEET,BIRD SOUNDS
BROWN,PINK,TURQUOISE,VIOLET,COLORS
LURE,REEL,ROD,TACKLE,FISHING GEAR
HOOK,JONES,SILVER,SPARROW,FICTIONAL PIRATES
BUNK,CANOPY,MURPHY,TRUNDLE,BEDS
JONAS,MARX,WARNER,WRIGHT,FAMOUS BROTHERS
ACCORD,CIVIC,PASSPORT,PILOT,HONDAS
CRASH,LINK,MARIO,SONIC,VIDEO GAME CHARACTERS
FRONTIER,SPIRIT,UNITED,VIRGIN,AIRLINES
BETA,CHI,DELTA,IOTA,GREEK LETTERS
GNAT,GNAW,GNOCCHI,GNOME,"SILENT ""G"""
GNU,KNEW,NEW,NU,HOMOPHONES
FLOCK,PACK,POD,SCHOOL,ANIMAL GROUP NAMES
ENVY,GREED,LUST,PRIDE,DEADLY SINS
LORIS,SLOTH,SNAIL,TORTOISE,SLOW ANIMALS
COT,SEC,SIN,TAN,TRIG FUNCTIONS
CARDAMOM,CLOVE,CORIANDER,CUMIN,"SPICES BEGINNING WITH ""C"""
BOO,HONEY,SUGAR,SWEETIE,TERMS OF ENDEARMENT
AIRPLANE,ANGEL,BIRD,PEGASUS,THINGS WITH WINGS
BABY,GINGER,POSH,SCARY,SPICE GIRLS
DATE,KIWI,LEMON,ORANGE,FRUIT
CHAD,GEORGIA,JORDAN,TOGO,COUNTRIES
CRANE,JAY,SWALLOW,TURKEY,BIRDS
FISH,GOAT,SCALES,TWINS,ZODIAC SYMBOLS
CRICKET,FENCING,POLO,SQUASH,SPORTS
CAMI,HALTER,TANK,TEE,TOPS
BEET,CARROT,CORN,ONION,VEGETABLES
ANT,BEETLE,MANTIS,TERMITE,INSECTS
BACKGAMMON,CHECKERS,CHESS,GO,BOARD GAMES
FULL,KING,QUEEN,TWIN,MATTRESS SIZES
CHERRY,FIRE TRUCK,RUBY,STOP SIGN,THINGS THAT ARE RED
CRYPTOGRAPHY,FLORIDA,LOCKSMITH,PIANO,THINGS WITH KEYS
ANKLE,KNEE,SHIN,THIGH,LEG PARTS
CALF,CUB,JOEY,KID,BABY ANIMALS
CAN,HEAD,JOHN,THRONE,SLANG FOR TOILET
CRAY,JELLY,SILVER,STAR,___ FISH THAT AREN'T FISH
BOARDWALK,CHANCE,GO,JAIL,MONOPOLY SQUARES
BABY,MIDNIGHT,POWDER,ROYAL,SHADES OF BLUE
COMMON,FUTURE,ICE CUBE,Q-TIP,RAPPERS
SEA,SIN,SISTER,WONDER,MEMBERS OF A SEPTET
HULU,NETFLIX,PEACOCK,PRIME,STREAMING SERVICES
KETCHUP,MAYO,RELISH,TARTAR,CONDIMENTS
BLUE,DOWN,GLUM,LOW,SYNONYMS FOR SAD
GREEN,MUSTARD,PLUM,SCARLET,CLUE CHARACTERS
ADIDAS,NIKE,PUMA,REEBOK,SNEAKER BRANDS
CABARET,CAROUSEL,CATS,CHICAGO,"MUSICALS BEGINNING WITH ""C"""
DUST,MOP,SWEEP,VACUUM,CLEANING VERBS
BAT,IRON,SPIDER,SUPER,___ MAN SUPERHEROES
CHEEK,EYE,MOUTH,NOSE,FACIAL FEATURES
CHOW,GOBBLE,SCARF,WOLF,SYNONYMS FOR EAT
LAB,PEKE,PIT,POM,"DOG BREEDS, INFORMALLY"
AMIGO,KING,STOOGE,TENOR,MEMBERS OF A TRIO
BOOT,LOAFER,PUMP,SNEAKER,FOOTWEAR
FOOT,LEAGUE,MILE,YARD,UNITS OF LENGTH
ESSENCE,PEOPLE,TIME,US,MAGAZINES
ARE,QUEUE,SEA,WHY,LETTER HOMOPHONES
HAIL,RAIN,SLEET,SNOW,WET WEATHER
BUCKS,HEAT,JAZZ,NETS,NBA TEAMS
OPTION,RETURN,SHIFT,TAB,KEYBOARD KEYS
KAYAK,LEVEL,MOM,RACE CAR,PALINDROMES
